{"SD_Output":{"TimeMeasure1":{"Test5":{"Trial1":{"SU":{"LowerBack":{"SD":[]}}},"Trial2":{"SU":{"LowerBack":{"SD":[]}}}},"Test11":{"Trial1":{"SU":{"LowerBack":{"SD":[{"Start":4.86,"End":11.31,"GSD_fs":0,"IC":[5.46,6.16,6.8100000000000005,7.535,9.41,10.260000000000002]},{"Start":17.47,"End":35.54,"GSD_fs":0,"IC":[20.195,21.169999999999998,21.945,23.544999999999998,24.095,24.595,26.52,27.395,28.044999999999998,28.57,29.07,29.52,30.52,31.445,32.245,32.72,33.37,35.07]},{"Start":60.84,"End":77.08,"GSD_fs":0,"IC":[61.365,62.115,63.040000000000006,64.165,65.265,66.015,66.94,67.79,68.465,69.09,69.815,70.54,71.215,71.69,72.715,73.69,74.29,74.740000000000009,75.465,76.19,76.915]}]}}}}}}}