{"TimeMeasure1":{"Test5":{"Trial1":{"SU":{"LowerBack":{"ICs":{"Start":6.77,"End":11.31,"IC":[7.395,7.9949999999999992,8.57,9.12,9.645,10.195,10.745]}}}},"Trial2":{"SU":{"LowerBack":{"ICs":{"Start":4.18,"End":8.61,"IC":[4.755,5.33,5.88,6.4049999999999994,6.955,7.505,8.055]}}}}},"Test11":{"Trial1":{"SU":{"LowerBack":{"ICs":{"Start":200.55,"End":221.78,"IC":[201.60000000000002,202.4,202.875,203.47500000000002,204.125,204.75,205.125,205.925,206.5,207.07500000000002,207.72500000000002,208.47500000000002,209.3,209.8,210.4,212.375,213.20000000000002,214.425,215,215.57500000000002,216.125,217.125,218.3,219.07500000000002,219.45000000000002,219.875,220.32500000000002,220.925,221.32500000000002]}}}}}}}