{"SD_Output":{"TimeMeasure1":{"Test5":{"Trial1":{"SU":{"LowerBack":{"SD":[]}}},"Trial2":{"SU":{"LowerBack":{"SD":[]}}}},"Test11":{"Trial1":{"SU":{"LowerBack":{"SD":[{"Start":4.86,"End":11.31,"GSD_fs":0,"IC":[5.0016666666666669,5.6766666666666667,6.3516666666666666,7.0266666666666673,7.7266666666666666,8.4266666666666676,8.9766666666666666,9.6266666666666669,10.376666666666667,10.726666666666667,11.285]},{"Start":17.47,"End":35.54,"GSD_fs":0,"IC":[17.486666666666665,18.161666666666665,18.786666666666665,19.561666666666667,20.336666666666666,21.336666666666666,22.161666666666665,23.136666666666667,24.211666666666666,24.986666666666665,25.911666666666665,26.636666666666663,27.561666666666667,28.311666666666667,29.161666666666665,30.011666666666663,30.736666666666665,31.686666666666667,32.336666666666666,33.036666666666662,33.836666666666666,34.711666666666666,35.236666666666665]},{"Start":60.84,"End":77.08,"GSD_fs":0,"IC":[60.906666666666673,61.631666666666668,62.381666666666668,63.156666666666673,63.806666666666672,64.531666666666666,65.481666666666669,66.481666666666669,67.231666666666669,67.956666666666663,68.631666666666675,69.306666666666672,70.056666666666672,70.731666666666669,71.306666666666672,71.881666666666675,72.956666666666678,73.806666666666672,74.331666666666678,74.956666666666678,75.706666666666678,76.431666666666672,77.04]}]}}}}}}}