{"SD_Output":{"TimeMeasure1":{"Test5":{"Trial1":{"SU":{"LowerBack":{"SD":[]}}},"Trial2":{"SU":{"LowerBack":{"SD":[]}}}},"Test11":{"Trial1":{"SU":{"LowerBack":{"SD":[{"Start":4.86,"End":11.31,"GSD_fs":0,"IC":[5.5,6.1800000000000006,6.86,7.58,8.2800000000000011,8.86,9.4400000000000013,10.24,11.280000000000001]},{"Start":17.47,"End":35.54,"GSD_fs":0,"IC":[18.029999999999998,18.61,19.39,20.15,21.11,21.97,22.97,23.99,24.79,25.61,26.45,27.35,28.169999999999998,28.99,29.81,30.549999999999997,31.43,32.29,32.81,33.65,35.09]},{"Start":60.84,"End":77.08,"GSD_fs":0,"IC":[61.46,62.2,62.96,63.660000000000004,64.320000000000007,65.3,66.26,67.06,67.78,68.460000000000008,69.14,69.86,70.600000000000009,71.2,71.72,72.740000000000009,73.62,74.22,74.76,75.54,76.28,76.960000000000008]}]}}}}}}}